field,magnetization,sample
-1.0,-0.9858094070410662,Loop1
-0.9866666666666667,-0.9858626776298229,Loop1
-0.9733333333333334,-1.0363087227714394,Loop1
-0.96,-1.0041117543232003,Loop1
-0.9466666666666667,-0.9699903352885901,Loop1
-0.9333333333333333,-0.9710102533708251,Loop1
-0.92,-0.9592404600021524,Loop1
-0.9066666666666666,-0.9745992317016622,Loop1
-0.8933333333333333,-1.000932366342718,Loop1
-0.88,-0.990781351501926,Loop1
-0.8666666666666667,-0.9789487173134127,Loop1
-0.8533333333333333,-0.9921595384975359,Loop1
-0.84,-0.9831025184340692,Loop1
-0.8266666666666667,-0.9629905866363048,Loop1
-0.8133333333333334,-0.9612423813376597,Loop1
-0.8,-0.9543256538462191,Loop1
-0.7866666666666666,-0.9977922089041844,Loop1
-0.7733333333333333,-0.9721420835498022,Loop1
-0.76,-0.9695146709176163,Loop1
-0.7466666666666666,-0.9373005540154976,Loop1
-0.7333333333333334,-0.9598721248235167,Loop1
-0.72,-0.9073764055224772,Loop1
-0.7066666666666667,-0.941089792983266,Loop1
-0.6933333333333334,-0.9372805637979829,Loop1
-0.6799999999999999,-0.9420554784117845,Loop1
-0.6666666666666667,-0.9400655754544546,Loop1
-0.6533333333333333,-0.9045740346934368,Loop1
-0.64,-0.9410569052960438,Loop1
-0.6266666666666667,-0.9058226582688375,Loop1
-0.6133333333333333,-0.9126851685805275,Loop1
-0.6,-0.8815787734011982,Loop1
-0.5866666666666667,-0.8714413743311886,Loop1
-0.5733333333333333,-0.8653306127832703,Loop1
-0.56,-0.9179459167142378,Loop1
-0.5466666666666666,-0.8934606453219283,Loop1
-0.5333333333333333,-0.9135332465409409,Loop1
-0.52,-0.8774609208953604,Loop1
-0.5066666666666666,-0.8682867728736191,Loop1
-0.4933333333333333,-0.8764557155256331,Loop1
-0.48,-0.8166563402056958,Loop1
-0.4666666666666667,-0.8339152132372897,Loop1
-0.45333333333333337,-0.8026766585703554,Loop1
-0.43999999999999995,-0.8026737824832663,Loop1
-0.42666666666666664,-0.7870900499442233,Loop1
-0.41333333333333333,-0.8076460516082926,Loop1
-0.4,-0.7612188932274672,Loop1
-0.3866666666666667,-0.7509697053565818,Loop1
-0.3733333333333333,-0.7475392128069056,Loop1
-0.36,-0.6928267310564787,Loop1
-0.3466666666666667,-0.7113465565720875,Loop1
-0.33333333333333337,-0.6768271429146528,Loop1
-0.31999999999999995,-0.6628770118838833,Loop1
-0.30666666666666664,-0.6640598843007082,Loop1
-0.29333333333333333,-0.6230878722444287,Loop1
-0.28,-0.6491004689010633,Loop1
-0.2666666666666667,-0.6074734189234449,Loop1
-0.2533333333333333,-0.5319806433002205,Loop1
-0.24,-0.5214424690893731,Loop1
-0.22666666666666668,-0.5519759846657931,Loop1
-0.21333333333333337,-0.49446771509004317,Loop1
-0.19999999999999996,-0.46205792740728974,Loop1
-0.18666666666666665,-0.45169334528330946,Loop1
-0.17333333333333334,-0.4323125885721805,Loop1
-0.16000000000000003,-0.38253697910057427,Loop1
-0.1466666666666666,-0.36262803089036383,Loop1
-0.1333333333333333,-0.331080821526661,Loop1
-0.12,-0.3114359403037449,Loop1
-0.10666666666666669,-0.2821292607274579,Loop1
-0.09333333333333338,-0.24402955585327354,Loop1
-0.07999999999999996,-0.2238622162989043,Loop1
-0.06666666666666665,-0.19067635600077412,Loop1
-0.053333333333333344,-0.13896818439635655,Loop1
-0.040000000000000036,-0.13246648073519984,Loop1
-0.026666666666666616,-0.09477333064174809,Loop1
-0.013333333333333308,-0.03619502396053727,Loop1
0.0,-0.0006430526817745978,Loop1
0.01333333333333342,-0.00837506895455132,Loop1
0.026666666666666616,0.0789566082393885,Loop1
0.040000000000000036,0.08362205201207805,Loop1
0.05333333333333323,0.12450394080326427,Loop1
0.06666666666666665,0.1318950784211871,Loop1
0.08000000000000007,0.24141458103356983,Loop1
0.09333333333333327,0.22583818699331143,Loop1
0.10666666666666669,0.2721582104536643,Loop1
0.1200000000000001,0.2821791212193166,Loop1
0.1333333333333333,0.29611787837197495,Loop1
0.14666666666666672,0.33938656713796894,Loop1
0.15999999999999992,0.41301268211929054,Loop1
0.17333333333333334,0.40625577728089146,Loop1
0.18666666666666676,0.4636175309802844,Loop1
0.19999999999999996,0.43911200459572086,Loop1
0.21333333333333337,0.47562548254240505,Loop1
0.22666666666666657,0.5036837980559106,Loop1
0.24,0.5232328523341667,Loop1
0.2533333333333334,0.5599704777318383,Loop1
0.2666666666666666,0.5780921930509476,Loop1
0.28,0.5939995395475166,Loop1
0.2933333333333332,0.6260962655477769,Loop1
0.30666666666666664,0.6759854785998264,Loop1
0.32000000000000006,0.6802909245259551,Loop1
0.33333333333333326,0.6819053102540839,Loop1
0.3466666666666667,0.7273377855346868,Loop1
0.3600000000000001,0.713865780565009,Loop1
0.3733333333333333,0.7473654142544843,Loop1
0.3866666666666667,0.7457708880300012,Loop1
0.3999999999999999,0.7344175781712725,Loop1
0.41333333333333333,0.8029328250041324,Loop1
0.42666666666666675,0.770660879173676,Loop1
0.43999999999999995,0.7901155515142488,Loop1
0.45333333333333337,0.7959855553622786,Loop1
0.46666666666666656,0.8389832467539433,Loop1
0.48,0.8648228048126408,Loop1
0.4933333333333334,0.8446376720788811,Loop1
0.5066666666666666,0.86547549853555,Loop1
0.52,0.8566113176930176,Loop1
0.5333333333333334,0.8691731806841778,Loop1
0.5466666666666666,0.9299888644263645,Loop1
0.56,0.8801241241558779,Loop1
0.5733333333333333,0.8616997010334327,Loop1
0.5866666666666667,0.8779578124834556,Loop1
0.6000000000000001,0.9226386165817453,Loop1
0.6133333333333333,0.882497535334779,Loop1
0.6266666666666667,0.8997019624360618,Loop1
0.6399999999999999,0.9318937949191978,Loop1
0.6533333333333333,0.9094047680870292,Loop1
0.6666666666666667,0.903865151358973,Loop1
0.6799999999999999,0.9484523092701957,Loop1
0.6933333333333334,0.9622436618093776,Loop1
0.7066666666666668,0.9468895628133054,Loop1
0.72,0.9412035286878305,Loop1
0.7333333333333334,0.9468081500643339,Loop1
0.7466666666666666,0.9901499065899837,Loop1
0.76,0.9773686377794853,Loop1
0.7733333333333334,0.9662402414020445,Loop1
0.7866666666666666,0.9391016622848897,Loop1
0.8,0.9674119561113124,Loop1
0.8133333333333332,1.009166628059564,Loop1
0.8266666666666667,0.9539992379153881,Loop1
0.8400000000000001,0.9735608983341973,Loop1
0.8533333333333333,1.002509108779477,Loop1
0.8666666666666667,0.9620590692923399,Loop1
0.8799999999999999,0.9856891134180027,Loop1
0.8933333333333333,0.9563165982815345,Loop1
0.9066666666666667,0.974677584921821,Loop1
0.9199999999999999,0.9714728242998273,Loop1
0.9333333333333333,1.0160450518138664,Loop1
0.9466666666666668,0.9697110819562449,Loop1
0.96,0.99543916174632,Loop1
0.9733333333333334,0.9356546128543777,Loop1
0.9866666666666666,0.9762574441600703,Loop1
1.0,1.0067705046547737,Loop1
0.9866666666666667,0.999838462647936,Loop1
0.9733333333333334,0.9613056579634172,Loop1
0.96,1.0143233719933338,Loop1
0.9466666666666667,0.9602232770134703,Loop1
0.9333333333333333,0.9627751000610164,Loop1
0.92,0.9778501512551453,Loop1
0.9066666666666666,0.9944576390492524,Loop1
0.8933333333333333,0.9822476997374915,Loop1
0.88,0.9612074799397993,Loop1
0.8666666666666667,0.9548918230020511,Loop1
0.8533333333333333,0.9611095754085707,Loop1
0.84,0.9637203818366841,Loop1
0.8266666666666667,0.9551756800622386,Loop1
0.8133333333333334,0.9501356356099837,Loop1
0.8,0.9337635448971559,Loop1
0.7866666666666666,0.9317339339928273,Loop1
0.7733333333333333,0.9552387013942344,Loop1
0.76,0.9735609956717729,Loop1
0.7466666666666666,0.9525519757559614,Loop1
0.7333333333333334,0.9527549511298967,Loop1
0.72,0.9469793259859406,Loop1
0.7066666666666667,0.9619813452114656,Loop1
0.6933333333333334,0.9479734749526181,Loop1
0.6799999999999999,0.9053708943643557,Loop1
0.6666666666666667,0.9263008883040739,Loop1
0.6533333333333333,0.9073915417428919,Loop1
0.64,0.9474959005300736,Loop1
0.6266666666666667,0.9164312157077077,Loop1
0.6133333333333333,0.9162567303682552,Loop1
0.6,0.9001409131724657,Loop1
0.5866666666666667,0.894273031799404,Loop1
0.5733333333333333,0.8571760141924649,Loop1
0.56,0.8617262810411366,Loop1
0.5466666666666666,0.8835284172471056,Loop1
0.5333333333333333,0.8965279523944272,Loop1
0.52,0.8980156584368126,Loop1
0.5066666666666666,0.8877489864543315,Loop1
0.4933333333333333,0.8668753628769033,Loop1
0.48,0.847728795113484,Loop1
0.4666666666666667,0.7990287274005222,Loop1
0.45333333333333337,0.8360395360374429,Loop1
0.43999999999999995,0.7789203881490212,Loop1
0.42666666666666664,0.7593088812670623,Loop1
0.41333333333333333,0.7791049387019392,Loop1
0.4,0.7704858969207407,Loop1
0.3866666666666667,0.7539422963155606,Loop1
0.3733333333333333,0.7474471580465246,Loop1
0.36,0.7120654491394737,Loop1
0.3466666666666667,0.6929628887987715,Loop1
0.33333333333333337,0.6196247234135118,Loop1
0.31999999999999995,0.6829006023758804,Loop1
0.30666666666666664,0.6487124636858232,Loop1
0.29333333333333333,0.5946238527347156,Loop1
0.28,0.5873907773877663,Loop1
0.2666666666666667,0.5529846501158052,Loop1
0.2533333333333333,0.5587376544379674,Loop1
0.24,0.5718545679640268,Loop1
0.22666666666666668,0.5116822633326785,Loop1
0.21333333333333337,0.49499849642062044,Loop1
0.19999999999999996,0.41133213776970695,Loop1
0.18666666666666665,0.47827835235817917,Loop1
0.17333333333333334,0.40620887348830653,Loop1
0.16000000000000003,0.4165122933602961,Loop1
0.1466666666666666,0.3543913948574418,Loop1
0.1333333333333333,0.32833367529745494,Loop1
0.12,0.3045868509795615,Loop1
0.10666666666666669,0.25879451799815517,Loop1
0.09333333333333338,0.2066952339482925,Loop1
0.07999999999999996,0.21536504584140387,Loop1
0.06666666666666665,0.18451782670871764,Loop1
0.053333333333333344,0.14825989993280142,Loop1
0.040000000000000036,0.0746078459635077,Loop1
0.026666666666666616,0.07812028046806141,Loop1
0.013333333333333308,0.05027581851224536,Loop1
0.0,0.013366056793887717,Loop1
-0.01333333333333342,-0.03362199265045792,Loop1
-0.026666666666666616,-0.061248694094197774,Loop1
-0.040000000000000036,-0.0705207050404427,Loop1
-0.05333333333333323,-0.11874076870665856,Loop1
-0.06666666666666665,-0.1644774486103784,Loop1
-0.08000000000000007,-0.20121132686402482,Loop1
-0.09333333333333327,-0.258279500849011,Loop1
-0.10666666666666669,-0.2601002720860376,Loop1
-0.1200000000000001,-0.28575787849127215,Loop1
-0.1333333333333333,-0.3214824552926747,Loop1
-0.14666666666666672,-0.3599315601210871,Loop1
-0.15999999999999992,-0.3726654786897614,Loop1
-0.17333333333333334,-0.41768578538828766,Loop1
-0.18666666666666676,-0.4180275947380732,Loop1
-0.19999999999999996,-0.4307613147435942,Loop1
-0.21333333333333337,-0.487195157299015,Loop1
-0.22666666666666657,-0.5099074421331241,Loop1
-0.24,-0.5596612047788038,Loop1
-0.2533333333333334,-0.5869025144344409,Loop1
-0.2666666666666666,-0.5644667813435842,Loop1
-0.28,-0.6014597067992806,Loop1
-0.2933333333333332,-0.6321492037612683,Loop1
-0.30666666666666664,-0.6420085509459884,Loop1
-0.32000000000000006,-0.644561498740331,Loop1
-0.33333333333333326,-0.695220656190919,Loop1
-0.3466666666666667,-0.731968252301903,Loop1
-0.3600000000000001,-0.6983767212327968,Loop1
-0.3733333333333333,-0.7150582632702447,Loop1
-0.3866666666666667,-0.729247020267243,Loop1
-0.3999999999999999,-0.7625443086047328,Loop1
-0.41333333333333333,-0.7774379674856285,Loop1
-0.42666666666666675,-0.781830429965497,Loop1
-0.43999999999999995,-0.7716389189830544,Loop1
-0.45333333333333337,-0.812698207112527,Loop1
-0.46666666666666656,-0.8491818957461015,Loop1
-0.48,-0.8043169756467252,Loop1
-0.4933333333333334,-0.8641141052190505,Loop1
-0.5066666666666666,-0.820505778029386,Loop1
-0.52,-0.8606368734559591,Loop1
-0.5333333333333334,-0.8865772804233857,Loop1
-0.5466666666666666,-0.8705469955249121,Loop1
-0.56,-0.8610146552244217,Loop1
-0.5733333333333333,-0.8635510969186164,Loop1
-0.5866666666666667,-0.9049007145052496,Loop1
-0.6000000000000001,-0.9111598953974193,Loop1
-0.6133333333333333,-0.8920345295690556,Loop1
-0.6266666666666667,-0.8925556863736577,Loop1
-0.6399999999999999,-0.9026705074876316,Loop1
-0.6533333333333333,-0.9679995772260226,Loop1
-0.6666666666666667,-0.9275849132658058,Loop1
-0.6799999999999999,-0.9474006554501974,Loop1
-0.6933333333333334,-0.9345241871806302,Loop1
-0.7066666666666668,-0.9388229073900485,Loop1
-0.72,-0.9457976377534587,Loop1
-0.7333333333333334,-0.9353916091698383,Loop1
-0.7466666666666666,-0.9536264022800475,Loop1
-0.76,-0.9834013822036705,Loop1
-0.7733333333333334,-0.9361734233119199,Loop1
-0.7866666666666666,-0.9762069280740425,Loop1
-0.8,-0.9824805659048702,Loop1
-0.8133333333333332,-0.9306382957132467,Loop1
-0.8266666666666667,-0.9764311463769426,Loop1
-0.8400000000000001,-0.9668927196683162,Loop1
-0.8533333333333333,-0.9730899147545048,Loop1
-0.8666666666666667,-0.9837522284529432,Loop1
-0.8799999999999999,-0.9603697013311545,Loop1
-0.8933333333333333,-0.9809843103811848,Loop1
-0.9066666666666667,-0.9987984712169793,Loop1
-0.9199999999999999,-0.9731493508397981,Loop1
-0.9333333333333333,-0.9530759469603668,Loop1
-0.9466666666666668,-1.029513890425451,Loop1
-0.96,-0.990544111465507,Loop1
-0.9733333333333334,-0.9677170847729866,Loop1
-0.9866666666666666,-1.0037584735013072,Loop1
